epoch,time,train/box_loss,train/cls_loss,train/dfl_loss,metrics/precision(B),metrics/recall(B),metrics/mAP50(B),metrics/mAP50-95(B),val/box_loss,val/cls_loss,val/dfl_loss,lr/pg0,lr/pg1,lr/pg2
1,60.6801,2.30663,22.6532,1.67034,0.00025,0.02252,0.0001,4e-05,1.75496,3.95827,1.51554,0.00012,0.00012,0.00012
2,112.03,2.13633,7.13679,1.75177,0.00054,0.04891,0.00064,0.00033,1.386,3.63158,1.22195,0.000254852,0.000254852,0.000254852
3,164.862,1.75923,3.50683,1.32115,0.00034,0.03106,0.00027,0.00013,1.40248,3.70296,1.30128,0.00038416,0.00038416,0.00038416
4,215.828,1.83015,4.49786,1.44415,0.00029,0.0264,0.00018,0.0001,1.47982,3.68585,1.31545,0.000507924,0.000507924,0.000507924
5,269.517,1.56502,3.04079,1.27399,9e-05,0.00854,2e-05,1e-05,1.35419,3.48855,1.1846,0.000626144,0.000626144,0.000626144
6,334.324,1.62943,3.77629,1.37232,0.00024,0.02174,9e-05,6e-05,1.30303,3.6613,1.20254,0.00073882,0.00073882,0.00073882
7,399.314,1.84948,3.96299,1.54187,0.00047,0.0427,0.01942,0.01108,1.33268,3.20853,1.20362,0.000845952,0.000845952,0.000845952
8,461.861,1.92608,5.46581,1.53814,0.00048,0.04425,0.00269,0.00151,1.30116,3.35449,1.1762,0.00094754,0.00094754,0.00094754
9,516.657,1.57987,3.19702,1.29143,0.03701,0.01087,0.01736,0.01067,1.301,2.87976,1.20004,0.00104358,0.00104358,0.00104358
10,575.942,1.3973,2.32397,1.22298,0.04804,0.02873,0.0392,0.02452,1.33059,2.47386,1.23499,0.00113408,0.00113408,0.00113408
11,745.435,1.71013,3.60706,1.37735,0.04664,0.00543,0.02036,0.01138,1.47777,2.90731,1.34875,0.00121904,0.00121904,0.00121904
12,841.203,1.57009,3.2999,1.28902,0.0292,0.02407,0.0199,0.01216,1.39947,2.56271,1.3574,0.00129845,0.00129845,0.00129845
13,917.5,1.47799,2.48478,1.27716,0.04589,0.02511,0.03077,0.01986,1.38476,2.49833,1.35589,0.00137232,0.00137232,0.00137232
14,974.649,1.48969,2.4201,1.30034,0.04175,0.03058,0.03913,0.02602,1.3513,2.0069,1.37629,0.00144064,0.00144064,0.00144064
15,1030.15,1.5421,2.33936,1.28901,0.03686,0.03649,0.0384,0.0244,1.3472,2.21578,1.33137,0.0014456,0.0014456,0.0014456
16,1087.8,1.46195,2.53538,1.33061,0.01909,0.02329,0.01429,0.0088,1.40811,2.74979,1.33073,0.001406,0.001406,0.001406
17,1148.87,1.31986,2.54253,1.21695,0.0392,0.03028,0.03063,0.01851,1.5654,2.38003,1.42399,0.0013664,0.0013664,0.0013664
18,1226.67,1.44197,2.56727,1.26696,0.05196,0.02562,0.03479,0.0226,1.42231,2.0982,1.39487,0.0013268,0.0013268,0.0013268
19,1287.35,1.42741,2.17714,1.22277,0.00284,0.0528,0.00303,0.00193,1.38474,17.21,1.34468,0.0012872,0.0012872,0.0012872
20,2969.13,1.64811,2.76626,1.2698,0.00361,0.04503,0.0035,0.00227,1.31648,12.6458,1.3263,0.0012476,0.0012476,0.0012476
21,3026.96,1.39909,2.15864,1.15483,0.00456,0.04037,0.00438,0.00293,1.28882,11.3681,1.3166,0.001208,0.001208,0.001208
22,3080.63,1.52743,2.50338,1.27617,0.04332,0.04193,0.04442,0.02879,1.38519,2.03725,1.35529,0.0011684,0.0011684,0.0011684
23,3133.85,1.61453,3.32634,1.31311,0.04207,0.04037,0.04233,0.02796,1.40962,1.97903,1.34042,0.0011288,0.0011288,0.0011288
24,3188.92,1.40181,2.4203,1.21228,0.04509,0.0396,0.04239,0.02801,1.38082,1.95814,1.31333,0.0010892,0.0010892,0.0010892
25,3242.47,1.38212,2.67245,1.19005,0.04067,0.04348,0.04091,0.02685,1.38271,1.9107,1.32396,0.0010496,0.0010496,0.0010496
26,3431.45,1.41486,2.17644,1.21298,0.04496,0.04348,0.04139,0.02492,1.44855,1.87102,1.3721,0.00101,0.00101,0.00101
27,3494.42,1.68291,3.476,1.31228,0.02223,0.04037,0.019,0.01216,1.39808,2.35334,1.28511,0.0009704,0.0009704,0.0009704
28,3551.51,1.32502,2.21599,1.15397,0.03871,0.04037,0.03964,0.02646,1.29184,1.86162,1.218,0.0009308,0.0009308,0.0009308
29,3608.87,1.33671,2.15686,1.13949,0.04427,0.04429,0.04381,0.02947,1.29624,1.67444,1.21072,0.0008912,0.0008912,0.0008912
30,3665.47,1.24693,1.84953,1.13222,0.04205,0.04503,0.04412,0.02879,1.31651,2.45333,1.24605,0.0008516,0.0008516,0.0008516
31,3725.12,1.43173,2.8585,1.21542,0.04426,0.04427,0.04623,0.0315,1.26491,2.0839,1.21473,0.000812,0.000812,0.000812
32,3794.39,1.32712,2.42713,1.22955,0.04608,0.04348,0.04489,0.03153,1.23721,1.68316,1.20044,0.0007724,0.0007724,0.0007724
33,3883.96,1.29391,2.06546,1.12743,0.04435,0.04658,0.04441,0.03122,1.2617,1.74801,1.21454,0.0007328,0.0007328,0.0007328
34,3939.55,1.32372,2.42993,1.2003,0.04193,0.04348,0.04334,0.02893,1.33924,1.70422,1.26888,0.0006932,0.0006932,0.0006932
35,4000.12,1.3322,3.81574,1.23011,0.04719,0.0393,0.04422,0.02966,1.3437,1.70988,1.28406,0.0006536,0.0006536,0.0006536
36,4052.88,1.31705,2.16717,1.27195,0.04418,0.04891,0.04783,0.03322,1.24269,1.63543,1.22163,0.000614,0.000614,0.000614
37,4106.22,1.38069,2.90803,1.21582,0.04427,0.04936,0.04699,0.03339,1.22799,1.71867,1.2115,0.0005744,0.0005744,0.0005744
38,4160.03,1.2149,2.74647,1.18585,0.04486,0.04736,0.04518,0.03246,1.22953,1.87303,1.21142,0.0005348,0.0005348,0.0005348
39,4213.42,1.25201,1.90346,1.16148,0.04368,0.04658,0.04527,0.03222,1.25875,1.67677,1.22227,0.0004952,0.0004952,0.0004952
40,4267.29,1.24413,2.27486,1.22001,0.04402,0.04193,0.04575,0.03201,1.23612,1.57508,1.215,0.0004556,0.0004556,0.0004556
41,4321.37,1.27828,22.9433,1.0693,0.04572,0.04143,0.04548,0.03248,1.22799,1.57294,1.20788,0.000416,0.000416,0.000416
42,4382.33,1.18218,12.1861,1.13029,0.04372,0.04654,0.04636,0.03316,1.22201,1.66779,1.19518,0.0003764,0.0003764,0.0003764
43,4446.18,1.30556,2.46826,1.28157,0.04376,0.04666,0.04476,0.03231,1.22199,1.85017,1.19615,0.0003368,0.0003368,0.0003368
44,4498.44,0.87559,18.3269,0.86092,0.04302,0.04814,0.04575,0.03277,1.20665,1.80888,1.19432,0.0002972,0.0002972,0.0002972
45,4549.7,1.02309,18.3785,0.7945,0.04349,0.04814,0.0456,0.0325,1.20946,1.87343,1.19658,0.0002576,0.0002576,0.0002576
46,4602.27,1.31599,3.03363,1.23044,0.04345,0.04891,0.0469,0.03402,1.20676,1.80577,1.19799,0.000218,0.000218,0.000218
47,4653.81,1.44733,12.2357,1.05662,0.04583,0.04581,0.04722,0.034,1.21588,1.71053,1.20223,0.0001784,0.0001784,0.0001784
48,4705.76,1.26682,4.23391,1.07091,0.04841,0.04572,0.04744,0.03379,1.22911,1.61686,1.20828,0.0001388,0.0001388,0.0001388
49,4758.27,1.06473,9.6677,1.08278,0.04754,0.04581,0.04721,0.0335,1.24166,1.61067,1.21389,9.92e-05,9.92e-05,9.92e-05
50,4815.25,1.30657,10.3412,1.03291,0.04533,0.04581,0.04708,0.03333,1.25214,1.5975,1.22018,5.96e-05,5.96e-05,5.96e-05
